id,complex
1-ACYLGLYCEROL-3-P-ACYLTRANSFER-MONOMER,
2-OCTAPRENYLPHENOL-HYDROX-MONOMER,
4OHBENZOATE-OCTAPRENYLTRANSFER-MONOMER,
AAS-MONOMER,
ABGT-MONOMER,
ACRB-MONOMER,TRANS-CPLX-201
ACRD-MONOMER,CPLX0-3932
ACYLCOASYN-MONOMER,ACYLCOASYN-CPLX
AERGLYC3PDEHYDROG-MONOMER,AERGLYC3PDEHYDROG-CPLX
AGAC-MONOMER,CPLX-170
AGAD-MONOMER,CPLX-170
AMPG-MONOMER,
ANGLYC3PDEHYDROGSUBUNITC-MONOMER,ANGLYC3PDEHYDROG-CPLX
ANSP-MONOMER,
APPB-MONOMER,APP-UBIOX-CPLX
APPC-MONOMER,APP-UBIOX-CPLX
AQPZ-MONOMER,CPLX0-7653
ARAE-MONOMER,
ARAG-MONOMER,ABC-2-CPLX
ARAH-MONOMER,ABC-2-CPLX
ARAJ-MONOMER,
ARCB-MONOMER,ARCB-CPLX
AROP-MONOMER,
ARSF-MONOMER,CPLX-7
ARTM-MONOMER,ABC-4-CPLX
ARTM-MONOMER,CPLX0-8120
ARTP-MONOMER,ABC-4-CPLX
ARTP-MONOMER,CPLX0-8120
ARTQ-MONOMER,ABC-4-CPLX
ARTQ-MONOMER,CPLX0-8120
ASCF-MONOMER,CPLX-153
ATOS-MONOMER,CPLX0-7870
ATPB-MONOMER,ATPSYN-CPLX
ATPB-MONOMER,F-O-CPLX
B0070-MONOMER,
B0260-MONOMER,
B0270-MONOMER,
B0427-MONOMER,
B0486-MONOMER,
B0511-MONOMER,
B0709-MONOMER,
B0752-MONOMER,
B0770-MONOMER,
B1006-MONOMER,
B1065-MONOMER,
B1296-MONOMER,
B1433-MONOMER,
B1543-MONOMER,
B1596-MONOMER,
B1599-MONOMER,YDGEF-CPLX
B1600-MONOMER,YDGEF-CPLX
B1634-MONOMER,
B1657-MONOMER,
B1690-MONOMER,
B1691-MONOMER,
B1775-MONOMER,
B1791-MONOMER,
B1828-MONOMER,
B2075-MONOMER,TRANS-CPLX-202
B2076-MONOMER,TRANS-CPLX-202
B2077-MONOMER,
B2098-MONOMER,
B2170-MONOMER,
B2246-MONOMER,
B2322-MONOMER,
B2372-MONOMER,
B2740-MONOMER,
B2771-MONOMER,
B2789-MONOMER,
B2845-MONOMER,
B2975-MONOMER,
B3659-MONOMER,
B4141-MONOMER,
BAES-MONOMER,
BARA-MONOMER,CPLX0-8302
BASS-MONOMER,
BCR-MONOMER,
BETT-MONOMER,
BGLF-MONOMER,CPLX-154
BRNQ-MONOMER,
BTUC-MONOMER,ABC-5-CPLX
CADB-MONOMER,
CAIT-MONOMER,CPLX0-7906
CCMB-MONOMER,CPLX-9493
CCMB-MONOMER,CPLX-9495
CCMC-MONOMER,ABC-35-CPLX
CCMC-MONOMER,CPLX-9495
CDPDIGLYPYPHOSPHA-MONOMER,
CDPDIGLYSYN-MONOMER,
CELB-MONOMER,CPLX-155
CHAA-MONOMER,
CHEB-MONOMER,
CHER-MONOMER,
CHEW-MONOMER,
CHEZ-MONOMER,CHEZ-CPLX
CMR-MONOMER,
CMTA-MONOMER,CPLX-156
COBS-MONOMER,
CODB-MONOMER,
CPXA-MONOMER,CPLX0-8270
CREC-MONOMER,CREC-CPLX
CRR-MONOMER,CPLX-157
CRR-MONOMER,CPLX-168
CRR-MONOMER,CPLX0-7
CYCA-MONOMER,
CYDA-MONOMER,CYT-D-UBIOX-CPLX
CYDB-MONOMER,CYT-D-UBIOX-CPLX
CYDC-MONOMER,ABC-6-CPLX
CYDD-MONOMER,ABC-6-CPLX
CYNX-MONOMER,
CYOA-MONOMER,CYT-O-UBIOX-CPLX
CYOB-MONOMER,CYT-O-UBIOX-CPLX
CYOC-MONOMER,CYT-O-UBIOX-CPLX
CYOD-MONOMER,CYT-O-UBIOX-CPLX
CYST-MONOMER,ABC-7-CPLX
CYST-MONOMER,ABC-70-CPLX
CYSW-MONOMER,ABC-7-CPLX
CYSW-MONOMER,ABC-70-CPLX
CYTOCHROME-B561-MONOMER,
DALADEHYDROGA-MONOMER,DALADEHYDROG-CPLX
DCTA-MONOMER,
DCUA-MONOMER,
DCUB-MONOMER,
DCUC-MONOMER,
DCUS-MONOMER,
DIACYLGLYKIN-MONOMER,DIACYLGLYKIN-CPLX
DINF-MONOMER,
DLACTDEHYDROGFAD-MONOMER,
DMK-MONOMER,
DMSC-MONOMER,DIMESULFREDUCT-CPLX
DPPB-MONOMER,ABC-8-CPLX
DPPC-MONOMER,ABC-8-CPLX
DPPD-MONOMER,ABC-8-CPLX
DSBBPROT-MONOMER,
DSDX-MONOMER,
EG10003-MONOMER,
EG10015-MONOMER,
EG10018-MONOMER,CPLX0-8245
EG10042-MONOMER,
EG10106-MONOMER,
EG10145-MONOMER,
EG10167-MONOMER,
EG10168-MONOMER,
EG10169-MONOMER,
EG10201-MONOMER,CPLX0-8252
EG10202-MONOMER,CPLX0-8545
EG10203-MONOMER,CPLX0-8254
EG10216-MONOMER,
EG10229-MONOMER,
EG10266-MONOMER,CPLX0-2141
EG10270-MONOMER,
EG10271-MONOMER,CPLX0-1923
EG10271-MONOMER,CPLX0-1924
EG10271-MONOMER,CPLX0-1941
EG10271-MONOMER,CPLX0-1942
EG10271-MONOMER,CPLX0-1943
EG10271-MONOMER,CPLX0-7952
EG10271-MONOMER,CPLX0-8541
EG10271-MONOMER,CPLX0-8553
EG10272-MONOMER,CPLX0-1923
EG10272-MONOMER,CPLX0-1924
EG10272-MONOMER,CPLX0-1941
EG10272-MONOMER,CPLX0-1942
EG10272-MONOMER,CPLX0-1943
EG10272-MONOMER,CPLX0-7952
EG10272-MONOMER,CPLX0-8541
EG10272-MONOMER,CPLX0-8553
EG10292-MONOMER,
EG10297-MONOMER,
EG10339-MONOMER,
EG10341-MONOMER,
EG10342-MONOMER,CPLX0-7934
EG10344-MONOMER,
EG10346-MONOMER,
EG10397-MONOMER,
EG10462-MONOMER,
EG10463-MONOMER,CPLX0-2921
EG10513-MONOMER,ATPASE-1-CPLX
EG10515-MONOMER,ATPASE-1-CPLX
EG10529-MONOMER,
EG10530-MONOMER,
EG10548-MONOMER,
EG10597-MONOMER,CPLX0-8188
EG10598-MONOMER,
EG10605-MONOMER,CPLX0-3951
EG10606-MONOMER,
EG10607-MONOMER,
EG10608-MONOMER,
EG10609-MONOMER,
EG10610-MONOMER,
EG10613-MONOMER,CPLX0-7704
EG10657-MONOMER,
EG10686-MONOMER,CPLX0-2423
EG10686-MONOMER,CPLX0-2424
EG10776-MONOMER,
EG10778-MONOMER,
EG10779-MONOMER,
EG10859-MONOMER,CPLX0-2381
EG10859-MONOMER,CPLX0-3461
EG10956-MONOMER,
EG10968-MONOMER,CPLX0-2941
EG10997-MONOMER,CPLX0-7608
EG10997-MONOMER,CPLX0-7609
EG11007-MONOMER,CPLX0-2201
EG11010-MONOMER,CPLX0-2201
EG11011-MONOMER,CPLX0-2201
EG11012-MONOMER,CPLX0-1923
EG11012-MONOMER,CPLX0-1924
EG11012-MONOMER,CPLX0-1941
EG11012-MONOMER,CPLX0-1942
EG11012-MONOMER,CPLX0-1943
EG11012-MONOMER,CPLX0-7952
EG11012-MONOMER,CPLX0-8541
EG11012-MONOMER,CPLX0-8553
EG11056-MONOMER,CPLX0-3925
EG11086-MONOMER,CPLX0-7934
EG11096-MONOMER,SEC-SECRETION-CPLX
EG11096-MONOMER,SECD-SECF-YAJC-YIDC-CPLX
EG11113-MONOMER,
EG11122-MONOMER,
EG11123-MONOMER,
EG11145-MONOMER,
EG11160-MONOMER,CPLX0-7626
EG11167-MONOMER,
EG11180-MONOMER,CPLX0-7627
EG11186-MONOMER,
EG11209-MONOMER,
EG11215-MONOMER,
EG11267-MONOMER,
EG11290-MONOMER,
EG11305-MONOMER,TATABCE-CPLX
EG11342-MONOMER,
EG11345-MONOMER,
EG11350-MONOMER,
EG11353-MONOMER,
EG11354-MONOMER,CPLX0-2121
EG11359-MONOMER,CPLX0-3382
EG11361-MONOMER,
EG11371-MONOMER,
EG11395-MONOMER,
EG11400-MONOMER,
EG11422-MONOMER,
EG11424-MONOMER,
EG11425-MONOMER,
EG11426-MONOMER,
EG11464-MONOMER,
EG11465-MONOMER,
EG11466-MONOMER,
EG11471-MONOMER,
EG11479-MONOMER,TATABCE-CPLX
EG11486-MONOMER,CPLX0-3976
EG11494-MONOMER,
EG11495-MONOMER,
EG11499-MONOMER,
EG11512-MONOMER,
EG11522-MONOMER,
EG11529-MONOMER,
EG11536-MONOMER,
EG11570-MONOMER,
EG11571-MONOMER,
EG11613-MONOMER,
EG11637-MONOMER,
EG11639-MONOMER,
EG11652-MONOMER,CPLX0-8183
EG11660-MONOMER,
EG11665-MONOMER,
EG11671-MONOMER,
EG11674-MONOMER,
EG11683-MONOMER,
EG11688-MONOMER,
EG11691-MONOMER,
EG11695-MONOMER,
EG11696-MONOMER,
EG11697-MONOMER,
EG11724-MONOMER,
EG11726-MONOMER,
EG11739-MONOMER,
EG11764-MONOMER,
EG11765-MONOMER,
EG11793-MONOMER,
EG11798-MONOMER,
EG11800-MONOMER,FORMHYDROG2-CPLX
EG11806-MONOMER,
EG11824-MONOMER,
EG11826-MONOMER,
EG11833-MONOMER,
EG11851-MONOMER,
EG11875-MONOMER,
EG11886-MONOMER,
EG11891-MONOMER,
EG11895-MONOMER,
EG11914-MONOMER,
EG11919-MONOMER,
EG11938-MONOMER,
EG11939-MONOMER,
EG11948-MONOMER,
EG11975-MONOMER,CPLX0-7451
EG11977-MONOMER,CPLX0-7451
EG11982-MONOMER,
EG12004-MONOMER,
EG12007-MONOMER,
EG12016-MONOMER,
EG12017-MONOMER,
EG12027-MONOMER,
EG12049-MONOMER,
EG12052-MONOMER,CPLX-9494
EG12054-MONOMER,CPLX-9494
EG12069-MONOMER,
EG12128-MONOMER,
EG12134-MONOMER,
EG12154-MONOMER,
EG12166-MONOMER,
EG12209-MONOMER,CPLX0-8271
EG12214-MONOMER,
EG12217-MONOMER,
EG12220-MONOMER,
EG12224-MONOMER,
EG12231-MONOMER,
EG12240-MONOMER,TRANS-CPLX-204
EG12248-MONOMER,
EG12251-MONOMER,
EG12256-MONOMER,CPLX0-8555
EG12259-MONOMER,CPLX0-8125
EG12260-MONOMER,CPLX0-8125
EG12265-MONOMER,
EG12267-MONOMER,
EG12274-MONOMER,
EG12282-MONOMER,TRANS-CPLX-203
EG12290-MONOMER,
EG12291-MONOMER,
EG12297-MONOMER,
EG12333-MONOMER,
EG12341-MONOMER,
EG12347-MONOMER,CPLX0-8152
EG12375-MONOMER,
EG12376-MONOMER,
EG12385-MONOMER,
EG12387-MONOMER,
EG12434-MONOMER,
EG12436-MONOMER,
EG12445-MONOMER,
EG12455-MONOMER,
EG12691-MONOMER,
EG12707-MONOMER,
EG12708-MONOMER,
EG12709-MONOMER,
EG12713-MONOMER,
EG12799-MONOMER,ABC-45-CPLX
EG12843-MONOMER,
EG12870-MONOMER,
EG12880-MONOMER,
EMRB-MONOMER,CPLX0-2121
EMRD-MONOMER,
EMRE-MONOMER,CPLX0-7963
EMRY-MONOMER,CPLX0-2161
ENTB-MONOMER,
ENTD-MONOMER,
ENTF-MONOMER,
ENVZ-MONOMER,ENVZ-CPLX
EXUT-MONOMER,
FDNI-MONOMER,ALPHA-SUBUNIT-CPLX
FDNI-MONOMER,FORMATEDEHYDROGN-CPLX
FDOG-MONOMER,FORMATEDEHYDROGO-CPLX
FDOI-MONOMER,FORMATEDEHYDROGO-CPLX
FECC-MONOMER,ABC-9-CPLX
FECD-MONOMER,ABC-9-CPLX
FECE-MONOMER,ABC-9-CPLX
FEOB-MONOMER,
FEPC-MONOMER,ABC-10-CPLX
FEPD-MONOMER,ABC-10-CPLX
FEPG-MONOMER,ABC-10-CPLX
FHUB-MONOMER,ABC-11-CPLX
FLIG-FLAGELLAR-SWITCH-PROTEIN,CPLX0-7450
FLIG-FLAGELLAR-SWITCH-PROTEIN,CPLX0-7452
FLIG-FLAGELLAR-SWITCH-PROTEIN,FLAGELLAR-MOTOR-COMPLEX
FOCA-MONOMER,CPLX0-7843
FOCB-MONOMER,
FRUA-MONOMER,CPLX-158
FRVB-MONOMER,CPLX-159
FRWC-MONOMER,CPLX-160
FSR-MONOMER,
FTSX-MONOMER,ABC-54-CPLX
FUCP-MONOMER,
FUM-MEMB1,FUMARATE-REDUCTASE
FUM-MEMB2,FUMARATE-REDUCTASE
G370-MONOMER,CPLX0-7451
G6102-MONOMER,
G6126-MONOMER,
G6158-MONOMER,
G6171-MONOMER,
G6180-MONOMER,
G6182-MONOMER,
G6193-MONOMER,
G6228-MONOMER,
G6229-MONOMER,
G6252-MONOMER,
G6253-MONOMER,
G6255-MONOMER,
G6260-MONOMER,
G6264-MONOMER,
G6265-MONOMER,
G6267-MONOMER,
G6318-MONOMER,CPLX0-8288
G6323-MONOMER,CPLX0-7981
G6345-MONOMER,
G6356-MONOMER,
G6384-MONOMER,
G6396-MONOMER,
G6403-MONOMER,
G6404-MONOMER,
G6405-MONOMER,
G6407-MONOMER,
G6408-MONOMER,
G6412-MONOMER,
G6417-MONOMER,CPLX0-7983
G6421-MONOMER,
G6434-MONOMER,
G6439-MONOMER,
G6443-MONOMER,
G6445-MONOMER,
G6446-MONOMER,
G6448-MONOMER,
G6451-MONOMER,
G6454-MONOMER,
G6458-MONOMER,
G6464-MONOMER,
G6490-MONOMER,
G6495-MONOMER,
G6496-MONOMER,
G6508-MONOMER,
G6513-MONOMER,
G6528-MONOMER,CPLX0-7994
G6529-MONOMER,CPLX0-7994
G6532-MONOMER,
G6536-MONOMER,
G6542-MONOMER,
G6554-MONOMER,
G6561-MONOMER,
G6572-MONOMER,
G6578-MONOMER,
G6579-MONOMER,
G6608-MONOMER,
G6630-MONOMER,
G6636-MONOMER,
G6637-MONOMER,
G6674-MONOMER,
G6703-MONOMER,
G6727-MONOMER,
G6728-MONOMER,
G6730-MONOMER,
G6758-MONOMER,
G6807-MONOMER,
G6808-MONOMER,
G6840-MONOMER,
G6848-MONOMER,CPLX0-1601
G6863-MONOMER,
G6870-MONOMER,
G6871-MONOMER,
G6874-MONOMER,
G6875-MONOMER,
G6876-MONOMER,
G6885-MONOMER,
G6898-MONOMER,
G6914-MONOMER,
G6931-MONOMER,
G6933-MONOMER,
G6934-MONOMER,
G6945-MONOMER,
G6947-MONOMER,
G6953-MONOMER,
G6956-MONOMER,
G6971-MONOMER,
G6972-MONOMER,
G6975-MONOMER,
G6984-MONOMER,
G6998-MONOMER,
G6999-MONOMER,
G7002-MONOMER,
G7006-MONOMER,
G7007-MONOMER,CPLX0-8551
G7013-MONOMER,
G7019-MONOMER,
G7028-MONOMER,CPLX0-7451
G7037-MONOMER,CPLX0-8152
G7049-MONOMER,
G7051-MONOMER,
G7060-MONOMER,CPLX0-8213
G7062-MONOMER,
G7081-MONOMER,
G7097-MONOMER,
G7098-MONOMER,
G7101-MONOMER,
G7105-MONOMER,CPLX0-7529
G7108-MONOMER,
G7138-MONOMER,
G7146-MONOMER,
G7148-MONOMER,
G7167-MONOMER,
G7170-MONOMER,
G7171-MONOMER,CPLX0-7720
G7173-MONOMER,
G7186-MONOMER,
G7189-MONOMER,
G7190-MONOMER,
G7219-MONOMER,
G7220-MONOMER,
G7243-MONOMER,
G7251-MONOMER,
G7258-MONOMER,
G7268-MONOMER,
G7282-MONOMER,
G7310-MONOMER,
G7314-MONOMER,CPLX0-8200
G7337-MONOMER,
G7347-MONOMER,
G7355-MONOMER,
G7356-MONOMER,
G7357-MONOMER,
G7371-MONOMER,
G7377-MONOMER,
G7398-MONOMER,CPLX0-8219
G7399-MONOMER,
G7407-MONOMER,
G7432-MONOMER,
G7451-MONOMER,
G7457-MONOMER,
G7460-MONOMER,
G7504-MONOMER,
G7509-MONOMER,
G7512-MONOMER,
G7528-MONOMER,
G7534-MONOMER,
G7539-MONOMER,
G7549-MONOMER,
G7559-MONOMER,
G7577-MONOMER,
G7588-MONOMER,
G7589-MONOMER,
G7595-MONOMER,
G7607-MONOMER,
G7608-MONOMER,
G7609-MONOMER,
G7612-MONOMER,
G7613-MONOMER,
G7615-MONOMER,
G7617-MONOMER,
G7618-MONOMER,
G7645-MONOMER,
G7655-MONOMER,
G7664-MONOMER,CPLX0-7992
G7667-MONOMER,
G7668-MONOMER,
G7681-MONOMER,
G7685-MONOMER,CPLX0-4
G7705-MONOMER,CPLX0-3382
G7711-MONOMER,CPLX0-3382
G7718-MONOMER,
G7721-MONOMER,
G7729-MONOMER,
G7741-MONOMER,
G7745-MONOMER,
G7753-MONOMER,
G7808-MONOMER,TATABCE-CPLX
G7825-MONOMER,
G7832-MONOMER,
G7839-MONOMER,
G7849-MONOMER,
G7867-MONOMER,
G7873-MONOMER,
G7887-MONOMER,
G7888-MONOMER,CPLX0-7992
G7889-MONOMER,CPLX0-7992
G7926-MONOMER,
G7927-MONOMER,
G7929-MONOMER,
G7930-MONOMER,
G7933-MONOMER,
G7942-MONOMER,
G7946-MONOMER,
GABP-MONOMER,
GALP-MONOMER,
GATC-MONOMER,CPLX0-231
GLCNACPTRANS-MONOMER,CPLX0-8011
GLNP-MONOMER,ABC-12-CPLX
GLNQ-MONOMER,ABC-12-CPLX
GLPF-MONOMER,CPLX0-7654
GLPT-MONOMER,
GLTJ-MONOMER,ABC-13-CPLX
GLTK-MONOMER,ABC-13-CPLX
GLTP-MONOMER,
GLTS-MONOMER,
GLVC-MONOMER,
GLYCEROL-3-P-ACYLTRANSFER-MONOMER,
GNTP-MONOMER,
GNTT-MONOMER,
GNTU-MONOMER,
GUTA-MONOMER,CPLX-169
HCAT-MONOMER,
HEMEOSYN-MONOMER,
HISM-MONOMER,ABC-14-CPLX
HISM-MONOMER,ABC-3-CPLX
HISQ-MONOMER,ABC-14-CPLX
HISQ-MONOMER,ABC-3-CPLX
HRSA-MONOMER,
HYAC-MONOMER,CPLX0-8167
HYAC-MONOMER,FORMHYDROGI-CPLX
HYCC-MONOMER,FHLMULTI-CPLX
HYCC-MONOMER,HYDROG3-CPLX
HYCD-MONOMER,FHLMULTI-CPLX
HYCD-MONOMER,HYDROG3-CPLX
HYDH-MONOMER,
KCH-MONOMER,CPLX0-7674
KDGT-MONOMER,
KDOTRANS-MONOMER,
KDPB-MONOMER,ATPASE-1-CPLX
KDPD-MONOMER,KDPD-CPLX
KEFB-MONOMER,
KEFC-MONOMER,CPLX0-7819
KGTP-MONOMER,
KUP-MONOMER,
L-LACTDEHYDROGFMN-MONOMER,
LACY-MONOMER,
LAUROYLACYLTRAN-MONOMER,
LCTP-MONOMER,
LIPIDADISACCHARIDESYNTH-MONOMER,CPLX0-7415
LIVH-MONOMER,ABC-15-CPLX
LIVH-MONOMER,ABC-304-CPLX
LIVM-MONOMER,ABC-15-CPLX
LIVM-MONOMER,ABC-304-CPLX
LYSP-MONOMER,
MACA,TRANS-200-CPLX
MACB,TRANS-200-CPLX
MALF-MONOMER,ABC-16-CPLX
MALG-MONOMER,ABC-16-CPLX
MALX-MONOMER,
MANX-MONOMER,CPLX-165
MANX-MONOMER,CPLX0-7921
MANY-MONOMER,CPLX-165
MANZ-MONOMER,CPLX-165
MDLA-MONOMER,
MDLB-MONOMER,
MELB-MONOMER,
METI-MONOMER,METNIQ-METHIONINE-ABC-CPLX
MGLA-MONOMER,ABC-18-CPLX
MGLC-MONOMER,ABC-18-CPLX
MGTA-MONOMER,
MHPT-MONOMER,
MODB-MONOMER,ABC-19-CPLX
MONOMER0-12,ATPASE-1-CPLX
MONOMER0-1564,CPLX0-2621
MONOMER0-1601,
MONOMER0-1604,
MONOMER0-1922,
MONOMER0-2141,
MONOMER0-2663,CYT-D-UBIOX-CPLX
MONOMER0-2682,CPLX0-7720
MONOMER0-2692,
MONOMER0-2841,
MONOMER0-2874,
MONOMER0-2875,
MONOMER0-2876,
MONOMER0-2879,
MONOMER0-2880,
MONOMER0-2881,
MONOMER0-422,TRANS-CPLX-203
MONOMER0-5,CPLX0-7
MONOMER0-561,CPLX0-7458
MONOMER0-6,CPLX0-8119
MONOMER0-761,
MONOMER0-766,
MONOMER0-82,CPLX0-7982
MOTA-FLAGELLAR-MOTOR-STATOR-PROTEIN,CPLX0-7452
MOTA-FLAGELLAR-MOTOR-STATOR-PROTEIN,FLAGELLAR-MOTOR-COMPLEX
MOTB-FLAGELLAR-MOTOR-STATOR-PROTEIN,CPLX0-7452
MOTB-FLAGELLAR-MOTOR-STATOR-PROTEIN,FLAGELLAR-MOTOR-COMPLEX
MTLA-MONOMER,CPLX-166
MTR-MONOMER,
NADH-DHII-MONOMER,
NANT-MONOMER,
NAPG-MONOMER,CPLX0-3241
NAPH-MONOMER,CPLX0-3241
NARI-MONOMER,NITRATREDUCTA-CPLX
NARK-MONOMER,
NARQ-MONOMER,NARQ-CPLX
NARU-MONOMER,
NARV-MONOMER,NITRATREDUCTZ-CPLX
NARX-MONOMER,NARX-CPLX
NHAA-MONOMER,CPLX0-7629
NHAB-MONOMER,
NIKB-MONOMER,ABC-20-CPLX
NIKC-MONOMER,ABC-20-CPLX
NIRC-MONOMER,
NRFD-MONOMER,CPLX0-8238
NUOA-MONOMER,NADH-DHI-CPLX
NUOB-MONOMER,CPLX0-3361
NUOB-MONOMER,NADH-DHI-CPLX
NUOC-MONOMER,CPLX0-3361
NUOC-MONOMER,NADH-DHI-CPLX
NUOE-MONOMER,CPLX0-3361
NUOE-MONOMER,NADH-DHI-CPLX
NUOF-MONOMER,CPLX0-3361
NUOF-MONOMER,NADH-DHI-CPLX
NUOG-MONOMER,CPLX0-3361
NUOG-MONOMER,NADH-DHI-CPLX
NUOH-MONOMER,NADH-DHI-CPLX
NUOI-MONOMER,CPLX0-3361
NUOI-MONOMER,NADH-DHI-CPLX
NUOJ-MONOMER,NADH-DHI-CPLX
NUOK-MONOMER,NADH-DHI-CPLX
NUOL-MONOMER,NADH-DHI-CPLX
NUOM-MONOMER,NADH-DHI-CPLX
NUON-MONOMER,NADH-DHI-CPLX
NUPC-MONOMER,
NUPG-MONOMER,
OPPB-MONOMER,ABC-22-CPLX
OPPB-MONOMER,CPLX0-3970
OPPC-MONOMER,ABC-22-CPLX
OPPC-MONOMER,CPLX0-3970
OPPF-MONOMER,ABC-22-CPLX
OPPF-MONOMER,CPLX0-3970
PANF-MONOMER,
PD00436,
PD03831,
PGLYCEROLTRANSI-MONOMER,
PGPPHOSPHAA-MONOMER,
PGPPHOSPHAB-MONOMER,
PHEP-MONOMER,
PHOQ-MONOMER,CPLX0-8168
PHOR-MONOMER,PHOR-CPLX
PHOSPHAGLYPSYN-MONOMER,
PITA-MONOMER,
PITB-MONOMER,
PNTA-MONOMER,PYRNUTRANSHYDROGEN-CPLX
PNTB-MONOMER,PYRNUTRANSHYDROGEN-CPLX
PNUC-MONOMER,
POTA-MONOMER,ABC-24-CPLX
POTB-MONOMER,ABC-24-CPLX
POTC-MONOMER,ABC-24-CPLX
POTE-MONOMER,
POTH-MONOMER,ABC-25-CPLX
POTI-MONOMER,ABC-25-CPLX
PROP-MONOMER,CPLX0-7642
PROTEIN-CHEA,
PROTOPORGENOXI-MONOMER,CPLX0-7811
PROW-MONOMER,ABC-26-CPLX
PROY-MONOMER,
PSD-MONOMER,
PSTA-MONOMER,ABC-27-CPLX
PSTB-MONOMER,ABC-27-CPLX
PSTC-MONOMER,ABC-27-CPLX
PTSG-MONOMER,CPLX-157
PTSG-MONOMER,CPLX0-8255
PUTA-MONOMER,PUTA-CPLX
PUTP-MONOMER,
RBSC-MONOMER,ABC-28-CPLX
RCSC-MONOMER,
RFBX-MONOMER,
RHAT-MONOMER,
RHTB-MONOMER,
RPOH-MONOMER,
RSTB-MONOMER,
SAPB-MONOMER,ABC-29-CPLX
SAPC-MONOMER,ABC-29-CPLX
SBMA-MONOMER,CPLX0-8097
SDAC-MONOMER,
SDH-FLAVO,CPLX0-8160
SDH-FLAVO,SUCC-DEHASE
SDH-MEMB1,CPLX0-8160
SDH-MEMB1,SUCC-DEHASE
SDH-MEMB2,CPLX0-8160
SDH-MEMB2,SUCC-DEHASE
SECA,CPLX0-8089
SECD,SEC-SECRETION-CPLX
SECD,SECD-SECF-YAJC-YIDC-CPLX
SECE,SEC-SECRETION-CPLX
SECE,SECE-G-Y-CPLX
SECF,SEC-SECRETION-CPLX
SECF,SECD-SECF-YAJC-YIDC-CPLX
SECG,SEC-SECRETION-CPLX
SECG,SECE-G-Y-CPLX
SECY,SEC-SECRETION-CPLX
SECY,SECE-G-Y-CPLX
SFUB-MONOMER,ABC-32-CPLX
SGAT-MONOMER,EIISGA
SGCC-MONOMER,EIISGC
SHIA-MONOMER,
SUGE-MONOMER,CPLX0-8263
TAP-MONOMER,CPLX0-8104
TAR-MONOMER,CPLX0-8102
TATA,TATABCE-CPLX
TAUC-MONOMER,ABC-64-CPLX
TDCC-MONOMER,
TEHA-MONOMER,
TETRAACYLDISACC4KIN-MONOMER,
TNAB-MONOMER,
TORS-MONOMER,TORS-CPLX
TREB-MONOMER,CPLX-168
TRG-MONOMER,CPLX0-8105
TRKA-MONOMER,
TRKG-MONOMER,
TRKH-MONOMER,
TSR-MONOMER,CPLX0-8103
TYRP-MONOMER,
UGPA-MONOMER,ABC-34-CPLX
UGPE-MONOMER,ABC-34-CPLX
UHPB-MONOMER,
UHPC-MONOMER,
UHPT-MONOMER,
UIDB-MONOMER,
URAA-MONOMER,CPLX0-8247
UUP-MONOMER,
XAPB-MONOMER,
XASA-MONOMER,
XYLE-MONOMER,
XYLH-MONOMER,ABC-33-CPLX
YAAJ-MONOMER,
YAAU-MONOMER,
YADG-MONOMER,ABC-21-CPLX
YADH-MONOMER,ABC-21-CPLX
YADQ-MONOMER,CPLX0-7961
YBAL-MONOMER,
YBBL-MONOMER,
YBBP-MONOMER,ABC-61-CPLX
YBDA-MONOMER,
YBDE-MONOMER,CPLX0-1721
YBHF-MONOMER,ABC-57-CPLX
YCAD-MONOMER,
YCAM,
YCFU-MONOMER,ABC-62-CPLX
YCFV-MONOMER,ABC-62-CPLX
YCFW-MONOMER,ABC-62-CPLX
YCGO-MONOMER,
YCHM-MONOMER,
YCJN-MONOMER,ABC-55-CPLX
YCJO-MONOMER,ABC-55-CPLX
YCJP-MONOMER,ABC-55-CPLX
YDCV-MONOMER,ABC-51-CPLX
YDDA-MONOMER,
YDDQ-MONOMER,ABC-59-CPLX
YDDR-MONOMER,ABC-59-CPLX
YDEA-MONOMER,
YDEF-MONOMER,
YDEY-MONOMER,ABC-58-CPLX
YDEZ-MONOMER,ABC-58-CPLX
YDHC-MONOMER,
YDHE-MONOMER,
YDJE-MONOMER,
YEAV-MONOMER,
YEEF-MONOMER,
YEEO-MONOMER,
YEHW-MONOMER,ABC-40-CPLX
YEHY-MONOMER,ABC-40-CPLX
YEIJ-MONOMER,
YEIM-MONOMER,
YEJB-MONOMER,ABC-41-CPLX
YEJE-MONOMER,ABC-41-CPLX
YEJF-MONOMER,ABC-41-CPLX
YFEP-MONOMER,
YGFO-MONOMER,
YGFU-MONOMER,
YGGA-MONOMER,
YGJE-MONOMER,
YGJI-MONOMER,
YGJU-MONOMER,
YHAO-MONOMER,
YHBG-MONOMER,CPLX0-7992
YHCL-MONOMER,
YHDX-MONOMER,ABC-52-CPLX
YHDY-MONOMER,ABC-52-CPLX
YHFC-MONOMER,
YHFM-MONOMER,
YHHJ-MONOMER,
YHHO-MONOMER,
YHHS-MONOMER,
YHIH-MONOMER,
YHIP-MONOMER,
YHIV-MONOMER,TRANS-CPLX-204
YHJE-MONOMER,
YHJV-MONOMER,
YHJX-MONOMER,
YICE-MONOMER,
YICJ-MONOMER,
YICM-MONOMER,
YIDC,SEC-SECRETION-CPLX
YIDK-MONOMER,
YIDT-MONOMER,
YIDY-MONOMER,
YIEO-MONOMER,
YIHN-MONOMER,
YIHO-MONOMER,
YIHP-MONOMER,
YIIP-MONOMER,CPLX0-7641
YJCE-MONOMER,
YJCG-MONOMER,CPLX0-7955
YJCH-MONOMER,
YJCQ-MONOMER,CPLX0-7807
YJCV-MONOMER,ABC-42-CPLX
YJCW-MONOMER,ABC-42-CPLX
YJDE-MONOMER,CPLX0-7535
YJDL-MONOMER,
YJEM-MONOMER,
YJFF-MONOMER,ABC-46-CPLX
YJGT-MONOMER,
YJHB-MONOMER,
YJHF-MONOMER,
YJIO-MONOMER,
YJIZ-MONOMER,
YLIA-MONOMER,ABC-49-CPLX
YLIC-MONOMER,ABC-49-CPLX
YLID-MONOMER,ABC-49-CPLX
YPHD-MONOMER,ABC-60-CPLX
YRBE-MONOMER,ABC-45-CPLX
YRBG-MONOMER,
YTFT-MONOMER,ABC-46-CPLX
ZNUB-MONOMER,ABC-63-CPLX
